{
  "project_info": {
    "project_number": "1099497586397",
    "project_id": "movilesproyecto-5ab64",
    "storage_bucket": "movilesproyecto-5ab64.appspot.com"
  },
  "client": [
    {
      "client_info": {
        "mobilesdk_app_id": "1:1099497586397:android:611c43fd1b71acaaf8a534",
        "android_client_info": {
          "package_name": "com.example.proyecto"
        }
      },
      "oauth_client": [
        {
          "client_id": "1099497586397-splfs4q1k0hn0n1grecuck57725h8g0g.apps.googleusercontent.com",
          "client_type": 1,
          "android_info": {
            "package_name": "com.example.proyecto",
            "certificate_hash": "8b8a57b7cce265f56b10117a1c73880d19155d78"
          }
        },
        {
          "client_id": "1099497586397-4pae4geodosmina9anathr76nai3jki8.apps.googleusercontent.com",
          "client_type": 3
        }
      ],
      "api_key": [
        {
          "current_key": "AIzaSyCTr4YNraiMy6WK2Kwhlgscn6ZtU8IF5Js"
        }
      ],
      "services": {
        "appinvite_service": {
          "other_platform_oauth_client": [
            {
              "client_id": "1099497586397-4pae4geodosmina9anathr76nai3jki8.apps.googleusercontent.com",
              "client_type": 3
            }
          ]
        }
      }
    }
  ],
  "configuration_version": "1"
}